Date,Sessions,Event count,Average session duration
"Jan 16, 2025",605,2805,98.58327990743801
"Feb 17, 2025",560,2882,126.60967746428572
"Sep 16, 2025",506,2627,108.11272268379447
"Feb 2, 2025",555,2373,82.63110490990991
"Jan 19, 2025",559,2356,81.08948832021467
"Feb 1, 2025",543,2647,120.49001208839779
"Feb 3, 2025",501,2435,121.42133645708583
"Jun 30, 2025",489,3109,224.9014614151329
"Feb 7, 2025",461,2244,121.96632681778742
"Feb 4, 2025",466,2154,92.7335221223176
"Mar 23, 2025",456,2268,104.93380160964912
"Jan 31, 2025",482,2377,121.2405194232365
"Oct 10, 2025",430,2513,241.0204659232558
"Feb 8, 2025",442,2024,127.40148020361991
"Mar 11, 2025",444,2306,135.34597588963965
"Feb 15, 2025",430,2170,106.33406395581395
"Jan 20, 2025",455,2078,104.48754093626373
"Feb 16, 2025",426,2213,117.06082150938967
"Feb 5, 2025",441,2228,97.2734752494331
"Mar 16, 2025",426,2124,101.7393799882629
"Jan 30, 2025",446,2199,128.68766928475335
"Feb 10, 2025",416,2014,106.50000011057692
"Mar 10, 2025",408,2030,153.1172760661765
"Apr 29, 2025",416,2354,188.15615278365385
"May 21, 2025",393,2272,130.14085001526718
"Jun 29, 2025",411,2289,163.52705002189782
"Jan 15, 2025",420,1973,111.33415880238095
"Mar 15, 2025",405,2200,117.33447169876544
"Feb 13, 2025",420,2160,123.70737129047619
"Jun 28, 2025",413,2076,121.63294363196127
"Mar 22, 2025",409,2036,122.5522742200489
"Jun 10, 2025",398,2714,223.42243832914573
"Jul 7, 2025",424,2686,146.45971198113207
"Mar 1, 2025",391,1943,114.32038024552429
"May 31, 2025",416,2404,152.4102920456731
"May 19, 2025",388,2320,121.30785507216494
"May 10, 2025",394,2093,144.55550408121826
"Feb 6, 2025",407,1987,123.97107592628993
"Feb 12, 2025",422,2134,101.99509197393364
"Jan 17, 2025",419,1907,91.36969581145584
"Jun 2, 2025",407,2516,151.30959445208845
"May 18, 2025",384,2422,127.87296638281249
"May 25, 2025",384,2194,124.5206559609375
"Jul 1, 2025",396,2300,323.1793906540404
"Apr 28, 2025",390,2007,122.4932819846154
"Jun 9, 2025",402,2428,118.02420634577113
"Mar 2, 2025",382,1958,104.6209702225131
"May 17, 2025",386,1902,112.56560366062176
"Feb 18, 2025",400,1947,115.444227685
"Mar 12, 2025",394,2234,177.65779364467005
"Feb 11, 2025",380,2119,139.5474399868421
"Mar 25, 2025",390,2216,142.43367008717948
"May 26, 2025",387,2402,111.4999540387597
"Feb 24, 2025",369,2117,153.86101479674798
"Mar 24, 2025",373,1817,104.53524374530832
"May 20, 2025",377,2193,126.64120964456234
"Apr 27, 2025",370,1785,106.24782123243243
"Jun 23, 2025",397,2416,131.22559615113352
"Jun 25, 2025",395,2149,116.95739912151899
"Mar 18, 2025",385,2264,144.90615371948053
"Apr 12, 2025",371,1812,124.34722735309973
"Apr 14, 2025",375,2122,140.34420886666666
"May 3, 2025",375,1859,123.65723404799999
"Mar 9, 2025",363,1870,130.7887034352617
"Feb 9, 2025",361,1581,81.19617820775623
"Jun 7, 2025",373,2321,125.61333929758713
"May 23, 2025",380,2433,133.7226084763158
"Feb 25, 2025",366,1738,108.03663720218579
"Mar 8, 2025",377,1844,94.40413223076924
"May 22, 2025",384,2235,125.05790235416667
"Apr 13, 2025",364,1698,93.75589170054945
"May 12, 2025",366,2162,146.05709429234972
"Feb 26, 2025",361,1807,91.15859098891966
"Mar 26, 2025",369,1970,117.42089418428183
"May 6, 2025",385,2151,137.62661937922078
"May 7, 2025",377,1939,123.45760741379311
"Jun 24, 2025",381,2240,182.49360661417322
"Jul 5, 2025",359,2059,116.51885100278551
"Jun 4, 2025",376,2513,175.67011181117022
"Feb 23, 2025",360,1822,139.10289701666667
"May 27, 2025",386,2655,192.07639177720208
"May 30, 2025",388,2278,137.83506750515465
"Jun 27, 2025",366,2136,131.394191
"Mar 13, 2025",374,2143,143.18878764973263
"Apr 11, 2025",357,2048,141.23102584033614
"Apr 16, 2025",366,1977,123.72438898087431
"Apr 18, 2025",376,1929,101.27016260638298
"May 13, 2025",357,2039,132.62843578431372
"Jun 8, 2025",361,2313,125.46126729085873
"Jul 4, 2025",358,1924,94.41685746368715
"Feb 27, 2025",364,1849,120.3683627912088
"May 8, 2025",369,2150,141.48275796747967
"Mar 27, 2025",351,1745,120.25755692307692
"Jun 17, 2025",374,2406,192.24457471122994
"Mar 4, 2025",359,1887,133.25457079665736
"Mar 17, 2025",359,1806,114.76178964623955
"Apr 15, 2025",364,1917,103.10952145054945
"Jul 2, 2025",374,2294,160.05162712566846
"Jan 21, 2025",361,1848,124.4066316897507
"May 5, 2025",354,1922,144.57314356497176
"May 24, 2025",361,1997,137.39221438781163
"Jun 1, 2025",353,1904,109.42275727195467
"Jun 19, 2025",369,2557,190.75973161517615
"Jun 22, 2025",356,1790,99.77673210674156
"Feb 14, 2025",346,1822,106.67887241618497
"Mar 3, 2025",352,1935,128.1633986619318
"May 29, 2025",360,2508,180.43859627777778
"Feb 22, 2025",354,1969,127.2875065338983
"May 11, 2025",360,1810,120.56453238888888
"Jan 18, 2025",380,1862,112.47942164473683
"Mar 7, 2025",356,1904,135.96936428089887
"Apr 21, 2025",356,1736,100.21257054494382
"May 28, 2025",353,2262,173.64907039943344
"Jun 3, 2025",353,2131,137.72200564022663
"Mar 14, 2025",373,2105,153.00355505630026
"Mar 19, 2025",349,1706,112.76046975644698
"Apr 30, 2025",348,2068,129.23021174425287
"May 16, 2025",356,2052,182.2941248820225
"Jun 16, 2025",358,2291,165.43771090502793
"May 2, 2025",360,1991,136.68305232777777
"Jun 20, 2025",363,2165,161.65999051515152
"Feb 20, 2025",346,1878,128.06615345086703
"Mar 29, 2025",345,1780,116.70039235072464
"May 15, 2025",350,2081,137.39617571142858
"Jan 29, 2025",357,1824,102.1673467114846
"Apr 9, 2025",348,1894,114.711765545977
"May 4, 2025",344,1873,117.82086068895349
"Apr 6, 2025",338,1787,127.50391881656805
"Jun 12, 2025",345,2014,168.97373397101447
"Jan 14, 2025",374,1757,125.5357031604278
"Mar 30, 2025",344,1935,142.7605004389535
"Apr 24, 2025",344,1867,118.41465885755814
"May 14, 2025",354,2029,149.81155389265535
"Jun 11, 2025",359,2248,132.2099656740947
"Mar 31, 2025",337,2075,157.43720026409497
"Jun 26, 2025",347,2178,159.34187044380403
"Jul 6, 2025",353,2221,169.77393026628894
"Jun 18, 2025",350,2259,155.3726831
"Apr 17, 2025",341,1897,118.52848143401759
"Apr 22, 2025",340,1799,115.6115710882353
"Jun 21, 2025",343,2152,182.33011814868806
"Jul 3, 2025",343,1885,97.67139158600584
"Feb 28, 2025",326,1764,119.84755194785276
"Apr 26, 2025",338,1723,108.37577736390533
"Jul 14, 2025",339,2103,147.46131895870207
"Feb 21, 2025",332,1643,135.7113348253012
"May 1, 2025",335,1886,162.91856972835822
"May 9, 2025",333,1766,128.64698144744744
"Jun 14, 2025",339,1803,111.87856650737464
"Jul 12, 2025",323,1832,120.61994319814241
"Apr 4, 2025",334,1822,115.8728346526946
"Apr 8, 2025",329,1808,111.41052556534954
"Apr 25, 2025",331,2059,134.2630248610272
"Apr 20, 2025",324,1980,141.88914605555556
"Jan 12, 2025",332,1579,114.17413678915662
"Jul 9, 2025",323,1970,152.56688804643963
"Jun 13, 2025",336,2106,192.37494707142855
"Jun 6, 2025",334,2270,172.21408641317365
"Apr 7, 2025",318,1752,126.30774779559748
"Jun 5, 2025",335,1849,135.07449663283583
"Oct 9, 2025",313,2059,213.19011173162937
"Jan 22, 2025",319,1521,128.3581120062696
"Apr 19, 2025",321,1681,109.66268979127727
"Apr 10, 2025",329,1604,69.60393840121581
"Apr 5, 2025",318,1603,121.76677743081761
"Feb 19, 2025",309,1580,127.06995466019417
"Mar 28, 2025",306,1639,121.73169259150328
"Jul 11, 2025",322,1981,135.5461112515528
"Jan 13, 2025",335,1648,120.48546391044775
"Jul 8, 2025",327,1999,138.7342884770642
"Jan 5, 2025",324,1260,83.30656482407407
"Jul 13, 2025",306,1631,109.94891219607842
"Jan 2, 2025",317,1497,127.03780726182964
"Jan 3, 2025",310,1451,111.75809818064515
"Mar 6, 2025",315,1801,163.38600734285714
"Jan 4, 2025",320,1512,106.13333945625
"Jul 10, 2025",313,1821,113.68491828753993
"Jan 27, 2025",315,1632,133.6538584920635
"Jan 28, 2025",316,1793,108.00602751898734
"Mar 21, 2025",311,1638,132.86971660771704
"Jul 21, 2025",293,1962,156.59272089761092
"Jan 25, 2025",292,1379,111.93536010616438
"Apr 3, 2025",282,1529,142.6133865212766
"Jan 10, 2025",317,1597,169.09052612933755
"Apr 23, 2025",306,1453,116.465125375817
"Jul 28, 2025",301,1937,149.0318648438538
"Apr 1, 2025",288,1617,137.10037309027777
"Jul 16, 2025",282,1605,118.87288541134751
"Jan 11, 2025",293,1439,98.94476136518772
"Mar 5, 2025",285,1611,137.7667449473684
"Jan 7, 2025",284,1335,101.05433312323943
"Jan 8, 2025",283,1336,115.84885073498232
"Jun 15, 2025",284,1348,113.3961914084507
"Mar 20, 2025",289,1576,132.37482653633217
"Jul 22, 2025",287,1556,118.97561049825784
"Jan 23, 2025",277,1417,104.60676876895307
"Jan 9, 2025",279,1413,135.34819964157705
"Jul 25, 2025",281,1551,143.0198861708185
"Jul 23, 2025",274,1597,219.64805484671533
"Jan 24, 2025",271,1517,123.75835083763839
"Jul 30, 2025",282,1695,104.00779333333334
"Jan 26, 2025",272,1439,148.6061110147059
"Apr 2, 2025",277,1433,153.9378666137184
"Jul 17, 2025",272,1680,156.2140381875
"Jul 15, 2025",279,1730,137.27537741935484
"Aug 11, 2025",276,1946,158.7218845036232
"Jan 1, 2025",261,1233,98.55425201149426
"Jul 20, 2025",263,1532,132.79918908745248
"Jul 26, 2025",256,1595,135.758560109375
"Aug 13, 2025",276,1829,186.50034593840581
"Jan 6, 2025",258,1122,110.68582277131783
"Jul 29, 2025",270,1531,142.60005645555557
"Aug 7, 2025",261,2076,172.11391850574714
"Aug 12, 2025",264,1912,165.5256540681818
"Jul 24, 2025",252,1452,140.00807312301586
"Jul 18, 2025",262,1621,141.6501964312977
"Jul 27, 2025",243,1383,169.85332663374487
"Aug 5, 2025",245,1616,128.77896355918367
"Jul 19, 2025",252,1438,145.40233881746033
"Aug 25, 2025",245,1569,133.41744466938775
"Jul 31, 2025",245,1371,125.1953263877551
"Aug 3, 2025",232,1204,96.9275416724138
"Aug 18, 2025",256,1814,230.96190525390625
"Sep 2, 2025",235,1944,203.18018183404254
"Aug 9, 2025",234,1517,144.40910624786324
"Aug 14, 2025",230,1457,160.5948735956522
"Aug 20, 2025",238,1791,244.9102086092437
"Aug 31, 2025",227,1521,128.66063978414095
"Aug 4, 2025",225,1473,176.55372971555553
"Aug 19, 2025",232,1550,147.33246000431035
"Aug 21, 2025",227,1425,137.92819006607928
"Aug 10, 2025",212,1302,112.16980282075473
"Aug 26, 2025",222,1459,156.31482306756757
"Sep 19, 2025",215,1540,182.8085250372093
"Aug 30, 2025",208,1343,120.57202142307693
"Aug 2, 2025",213,1260,124.6712550657277
"Aug 1, 2025",220,1290,208.51493735
"Aug 27, 2025",206,1201,120.57990550970872
"Aug 6, 2025",207,1231,144.28402831884057
"Sep 8, 2025",213,1335,143.26080138497653
"Mar 9, 2026",211,1287,119.25902546445498
"Aug 23, 2025",202,1370,152.07899655445544
"Sep 26, 2025",208,1317,162.76665070673076
"Sep 25, 2025",210,1240,137.32839502857144
"Sep 3, 2025",217,1427,163.71641286635943
"Sep 4, 2025",205,1479,235.28146672682928
"Aug 16, 2025",207,1416,172.96816666183574
"Sep 5, 2025",208,1351,169.93437090384617
"Sep 9, 2025",210,1625,176.23293787142856
"Sep 18, 2025",191,1217,140.29684041884818
"Sep 6, 2025",202,1578,140.5603908217822
"Sep 13, 2025",197,1027,115.74106989847716
"Sep 15, 2025",196,1291,173.87979002040814
"Mar 14, 2026",188,1047,127.09181004255319
"Aug 24, 2025",181,1181,145.5098680165746
"Sep 24, 2025",197,1452,138.95105547715738
"Sep 29, 2025",208,1461,193.85445817307692
"Aug 28, 2025",189,1241,95.3087811058201
"Sep 11, 2025",194,1430,162.05966689175258
"Aug 15, 2025",192,1510,189.10739698958332
"Sep 1, 2025",184,1309,118.35479485869566
"Mar 30, 2026",200,1452,168.233346815
"Aug 8, 2025",193,1280,178.277361
"Oct 16, 2025",190,1165,145.24943698421052
"Oct 14, 2025",192,1137,152.84471529166666
"Aug 17, 2025",190,1303,137.66724718421054
"Aug 22, 2025",190,1555,168.40869079473683
"Sep 17, 2025",186,1117,126.6665546451613
"Oct 13, 2025",182,1174,148.2372441868132
"Apr 2, 2026",185,1475,158.5107311783784
"Sep 10, 2025",178,975,115.54232638764044
"Oct 3, 2025",187,1311,207.43988572192512
"Oct 6, 2025",191,1170,154.56380059162305
"Oct 7, 2025",196,1279,166.91363169897957
"Oct 17, 2025",197,1195,156.72013340101523
"Nov 17, 2025",185,1411,161.68473837297296
"Oct 1, 2025",180,1296,182.32770583333334
"Oct 11, 2025",177,1015,99.0091958079096
"Mar 3, 2026",171,1089,152.08945643274853
"Oct 2, 2025",185,1246,117.79817006486486
"Mar 1, 2026",173,948,100.49654490173411
"Mar 23, 2026",176,1066,125.06486181250001
"Sep 12, 2025",177,1168,145.59266259322035
"Sep 23, 2025",173,1063,187.0000096416185
"Dec 17, 2025",167,1214,163.62067098203593
"Apr 8, 2026",169,1092,140.98742592307693
"Sep 7, 2025",168,1057,92.53853124404762
"Sep 21, 2025",165,1002,110.8504025878788
"Sep 22, 2025",161,1105,204.36474702484472
"Oct 23, 2025",170,1306,152.05261191764706
"Aug 29, 2025",170,1050,138.65873498235294
"Mar 27, 2026",177,1043,149.15898385310734
"Apr 3, 2026",165,1196,138.28064206666667
"Oct 21, 2025",172,1166,160.69751251744185
"Sep 27, 2025",170,1079,133.855318
"Mar 10, 2026",167,1043,112.80969106586826
"Oct 31, 2025",162,981,136.21348755555556
"Dec 30, 2025",163,1113,157.16848779754602
"Mar 15, 2026",156,1123,151.57582672435896
"Mar 17, 2026",160,1582,167.56741388749998
"Oct 20, 2025",165,998,146.1141877090909
"Dec 18, 2025",163,1015,100.55544027607363
"Dec 23, 2025",162,1118,138.48566772222222
"Mar 4, 2026",174,1000,112.28978424712645
"Mar 12, 2026",164,1030,151.03919923780487
"Mar 24, 2026",156,1121,170.94176517307693
"Oct 15, 2025",176,1133,185.76126844886363
"Nov 13, 2025",158,1045,131.85288157594937
"Nov 12, 2025",158,1098,142.2275784177215
"Feb 25, 2026",162,1058,285.07759805555554
"Mar 5, 2026",167,937,95.52185091017964
"Mar 16, 2026",171,1237,135.80491575438597
"Apr 1, 2026",156,1389,186.25803245512822
"Mar 20, 2026",167,1001,148.59952346706586
"Sep 28, 2025",157,917,90.41702254140128
"Nov 3, 2025",158,970,181.34558556329114
"Jan 13, 2026",163,1039,166.23856642331288
"Apr 4, 2026",157,939,103.60874184713376
"Sep 20, 2025",155,918,160.55226483225806
"Oct 30, 2025",161,904,111.88903813664595
"Mar 11, 2026",168,1000,135.66629024404762
"Mar 18, 2026",164,1157,144.22295899390244
"Oct 27, 2025",164,978,201.5409463902439
"Dec 28, 2025",165,993,141.6440386787879
"Mar 6, 2026",156,994,148.96771575
"Oct 4, 2025",149,931,142.36688380536913
"Nov 24, 2025",157,1183,148.29146680891722
"Feb 26, 2026",157,1002,179.19886943312102
"Sep 14, 2025",154,839,112.47859260389609
"Oct 22, 2025",161,1118,205.94301204347826
"Apr 9, 2026",152,1066,655.3505423421052
"Jan 12, 2026",148,991,156.1723519662162
"Jan 5, 2026",159,1162,165.90327603144655
"Jan 6, 2026",153,1033,180.60737994117648
"Feb 28, 2026",152,992,160.7958067763158
"Mar 13, 2026",149,857,112.17138240939597
"Mar 29, 2026",145,869,146.86979482758622
"Nov 6, 2025",148,824,124.46515987162161
"Nov 18, 2025",136,855,130.2321663235294
"Nov 20, 2025",150,989,167.51947524666667
"Dec 1, 2025",155,1051,168.75585511612903
"Oct 12, 2025",158,924,129.90929772151898
"Oct 28, 2025",151,955,147.93074526490068
"Dec 22, 2025",146,1072,164.52626615753422
"Mar 28, 2026",143,857,120.99608834265733
"Apr 5, 2026",150,985,94.24045906
"Sep 30, 2025",155,1021,126.9259857483871
"Oct 19, 2025",147,848,109.58089321768708
"Nov 14, 2025",161,965,180.9319975279503
"Oct 24, 2025",163,909,155.06874013496932
"Oct 29, 2025",137,858,90.40523337226277
"Mar 25, 2026",148,1114,133.27087636486488
"Oct 5, 2025",142,986,168.14309779577465
"Oct 18, 2025",152,1034,119.82066684210527
"Nov 26, 2025",148,900,196.6645286891892
"Mar 8, 2026",141,828,122.76693973758864
"Oct 8, 2025",153,969,176.9412378627451
"Nov 5, 2025",146,883,118.89696661643836
"Nov 11, 2025",152,889,134.78952661842104
"Nov 10, 2025",147,992,150.2464468435374
"Mar 19, 2026",142,819,132.09379654225353
"Mar 31, 2026",144,947,96.25118681944444
"Dec 4, 2025",151,1078,178.83554042384105
"Mar 2, 2026",150,1026,178.60721173333334
"Mar 21, 2026",146,978,711.1069640753425
"Nov 1, 2025",147,854,89.06831502040816
"Nov 4, 2025",146,1052,220.65237393150684
"Feb 27, 2026",152,846,97.25620997368421
"Oct 25, 2025",138,719,85.42847549999999
"Jan 3, 2026",138,760,119.63900701449276
"Mar 26, 2026",140,801,155.0831056
"Nov 19, 2025",145,996,192.89080444827587
"Jan 17, 2026",138,861,136.62748496376813
"Feb 19, 2026",132,983,139.8833259469697
"Nov 25, 2025",138,1039,234.40303876086958
"Dec 27, 2025",128,791,113.3081145078125
"Dec 29, 2025",142,797,122.53913654929579
"Jan 16, 2026",141,868,210.32368317021277
"Feb 5, 2026",135,914,153.87269364444444
"Dec 11, 2025",133,960,207.3669077894737
"Oct 26, 2025",138,932,138.6926149710145
"Feb 23, 2026",140,1091,203.6495486285714
"Dec 31, 2025",129,872,158.26931017829457
"Jan 15, 2026",129,813,156.70130641860467
"Nov 8, 2025",123,704,115.16269392682926
"Feb 3, 2026",135,1083,1556.136671562963
"Nov 7, 2025",125,893,129.062080072
"Jan 21, 2026",132,895,143.18129647727272
"Nov 2, 2025",129,708,435.5512445271318
"Nov 15, 2025",124,737,150.9581340967742
"Nov 21, 2025",142,995,213.58323084507043
"Dec 24, 2025",127,730,73.78098975590551
"Jan 9, 2026",124,728,159.6720573145161
"Feb 16, 2026",134,975,168.83355949999998
"Nov 23, 2025",123,729,149.13328587804878
"Dec 20, 2025",127,701,104.81580656692913
"Jan 2, 2026",138,869,96.54099707971014
"Feb 4, 2026",127,1200,258.79547114960627
"Mar 7, 2026",124,684,99.57797242741935
"Nov 29, 2025",125,859,143.19639172799998
"Dec 26, 2025",130,747,106.95419345384614
"Jan 14, 2026",135,1065,143.61606956296296
"Jan 27, 2026",125,1078,215.383908408
"Feb 18, 2026",143,1079,170.07119337062937
"Nov 9, 2025",126,963,199.7878285952381
"Jan 7, 2026",121,778,124.6350274876033
"Jan 18, 2026",124,904,109.64270179032258
"Nov 16, 2025",123,683,111.44138521951218
"Dec 5, 2025",125,872,185.49433544
"Jan 11, 2026",118,910,164.69480926271186
"Jan 28, 2026",124,997,147.9519186129032
"Dec 21, 2025",126,805,130.0371042936508
"Jan 26, 2026",123,951,127.74358173170732
"Jan 29, 2026",135,1149,196.64916084444445
"Feb 24, 2026",128,1171,185.9922034921875
"Jan 8, 2026",121,710,142.62933004132233
"Jan 19, 2026",123,935,173.10095043089433
"Nov 28, 2025",128,903,148.6191915234375
"Dec 2, 2025",121,790,118.16651465289257
"Mar 22, 2026",119,697,156.6026250504202
"Dec 8, 2025",117,682,126.63200322222222
"Dec 19, 2025",120,658,118.34429203333335
"Feb 10, 2026",118,835,197.43518250847455
"Feb 17, 2026",126,918,145.79477838095238
"Dec 14, 2025",116,616,87.95744587931036
"Jan 20, 2026",125,741,109.894154568
"Feb 9, 2026",115,765,136.76352589565218
"Dec 3, 2025",117,855,217.01404585470087
"Jan 4, 2026",109,800,148.75558994495412
"Jan 1, 2026",116,728,153.0453789051724
"Jan 10, 2026",112,709,86.03157889285714
"Dec 7, 2025",107,658,116.03810490654206
"Feb 20, 2026",110,865,160.5987510090909
"Nov 27, 2025",112,630,87.41842436607143
"Dec 15, 2025",113,748,179.2197796017699
"Jan 30, 2026",118,788,128.14289683050848
"Nov 30, 2025",104,725,121.1543274903846
"Dec 10, 2025",119,696,181.44964126050422
"Feb 22, 2026",108,743,164.12934633333333
"Feb 2, 2026",114,789,179.60380525438597
"Feb 14, 2026",101,678,162.6788761287129
"Dec 16, 2025",106,790,194.22082643396226
"Dec 25, 2025",107,700,136.89910895327102
"Feb 12, 2026",107,713,101.23771116822431
"Jan 23, 2026",109,910,150.8279326697248
"Jan 25, 2026",107,859,146.0852471682243
"Feb 7, 2026",102,726,194.83572381372548
"Apr 6, 2026",114,842,185.92972907017543
"Dec 13, 2025",97,532,147.96351645360826
"Apr 7, 2026",109,958,214.4604134770642
"Feb 15, 2026",96,562,79.65640576041666
"Dec 12, 2025",99,535,90.73363993939395
"Dec 9, 2025",97,680,210.40495163917527
"Feb 11, 2026",103,699,176.93814095145632
"Feb 6, 2026",95,752,170.80483477894737
"Nov 22, 2025",94,692,190.46300191489362
"Feb 21, 2026",99,679,131.2249080909091
"Dec 6, 2025",89,689,145.44680202247193
"Jan 22, 2026",88,557,106.26993282954545
"Jan 24, 2026",89,587,143.66564041573034
"Jan 31, 2026",87,582,108.64289170114942
"Feb 1, 2026",80,668,186.66678763750002
"Feb 8, 2026",75,473,107.21061552
"Feb 13, 2026",76,506,201.68843832894737