"query","search interest","increase percent"
"evolution golf cart",100,"5%"
"golf cart",100,"5%"
"evolution golf carts for sale",35,"-1%"
"golf carts for sale",35,"2%"
"golf carts near me",30,"10%"
"evolution golf carts near me",30,"10%"
"evolution golf carts reviews",20,"-20%"
"evolution d5",20,"-10%"
"golf cart for sale",17,"4%"
"best golf carts",14,"30%"
"electric golf carts",14,"5%"
"denago golf carts",12,"250%"
"evolution golf cart reviews",12,"-20%"
"evolution d5 golf cart",11,"-10%"
"best golf cart",10,"40%"
"denago golf cart",9,"190%"
"club car golf carts",9,"20%"
"golf carts for sale near me",9,"10%"
"icon golf carts",9,"-30%"
"club car",9,"20%"
"evolution d5 maverick",8,"-10%"
"used golf carts",8,"10%"
"2025 evolution golf cart",8,"700%"
"electric golf cart",8,"4%"
"evolution golf cart dealer",7,"90%"
"evolution d5 ranger",6,"-10%"
"botero golf carts",6,"10%"
"club car golf cart",6,"30%"
"botero carts",6,"10%"
"evolution golf cart accessories",6,"5%"
"icon golf cart",6,"-4%"
"yamaha",5,"-8%"
"yamaha golf carts",5,"-10%"
"used golf carts for sale",5,"-8%"
"ezgo golf cart",4,"-10%"
"epic golf carts",4,"90%"
"evolution golf cart dealers near me",4,"40%"
"yamaha golf cart",4,"-6%"
"the villages golf carts",4,"180%"
"evolution classic 4 plus",4,"-6%"
"golf cart dealers near me",4,"8%"
"bintelli golf carts",4,"-30%"
"electric golf carts for sale",4,"40%"
"golf cart brands",4,"30%"
"evolution golf cart parts",3,"10%"
"evolution electric vehicles",3,"-20%"
"dach golf carts",3,"Breakout"
"tara golf carts",3,"Breakout"
"best golf carts 2025",2,"Breakout"
"ez go golf carts",2,"-30%"